question,answer
What is the mission of The Virtual Charity?,"The mission of The Virtual Charity is to empower children and communities in need by providing access to education, healthcare, and resources for a better quality of life. Through programs like Sponsor a Child, we aim to break the cycle of poverty and create lasting, positive change for future generations."
What are the main activities of The Virtual Charity?,"The Virtual Charity conducts a variety of activities to support children and communities in need. These include education initiatives, such as building schools and providing scholarships; healthcare programs that offer vaccinations, medical check-ups, and health education; and community development projects like clean water access, livelihood training, and emergency relief efforts. By addressing both immediate needs and long-term goals, we work to create sustainable and meaningful impact."
What payment methods can I use to donate?,"You can donate using a debit or credit card, including Visa, MasterCard, and American Express. Please note that we currently do not accept other card types. We also accept payments through PayPal, Apple Pay, checks, and bank transfers. These options are available for both one-time donations and monthly sponsorship contributions in the Sponsor a Child program."
How can I donate online?,"Donating online is simple and convenient. Visit our donation page, select the amount you wish to contribute, and choose your preferred payment method, such as credit card, debit card, PayPal, or Apple Pay. After entering your payment details, submit the donation form. If you prefer, you can also set up recurring donations, such as monthly or yearly contributions, through our online system."
How can I donate by check?,"If you would like to donate by check, please make it payable to 'Virtual Charity.' Send the check to our address at Virtual Charity, 123 Charity Street, London, EC1A 1AA, United Kingdom. Along with your check, please include a covering letter with your name, address, and the purpose of your donation, such as a specific appeal or program you wish to support."
How can I donate via bank transfer?,"Donating via bank transfer is also an option. Please use the following account details for your transfer: the account name is Virtual Charity, the bank name is Charity Bank, the account number is 12345678, and the sort code is 12-34-56. If you are transferring funds internationally, you may use the IBAN GB12CHAR12345678123456 and SWIFT/BIC CHARGB2L. Once you have completed the transfer, we kindly ask you to email us at donations@example.com with the date and amount of your donation so we can confirm receipt and process it appropriately."
Who can I contact if I have questions about donations?,"If you have any questions or need assistance with your donation, you can reach our Donor Support Team. Please email us at support@example.com or call us at +44 20 1234 5678, and we will be happy to assist you."
What percentage of my donation is allocated to helping others?,"We are committed to allocating donations responsibly to create the greatest possible impact. In the past year, 85% of all donations were allocated to charitable activities, including running programs that directly support individuals and communities in need, as well as advocacy and awareness campaigns. The remaining 15% was allocated to fundraising efforts to ensure the sustainability of our mission. This percentage allocation allows us to maintain long-term support while maximizing direct impact on those in need."
How are donations spent?,"Your donations are allocated to essential programs and services that aim to address both immediate needs and long-term development goals. This includes emergency response work, education initiatives, healthcare projects, and advocacy efforts. The majority of funds directly support these programs, while a portion is allocated to raising additional funds to expand our reach and impact. Through these efforts, we ensure that your contributions create meaningful change and benefit as many people as possible."
How is the sponsorship donation used in the Sponsor a Child program?,"Your sponsorship donation directly supports the child you sponsor by providing them with access to education, healthcare, and nutritious meals. Additionally, the program invests in community-based projects to ensure a sustainable environment for the child and their family, such as clean water initiatives and livelihood training for parents. This holistic approach ensures that your support has a lasting impact."
How will I know my donation is making a difference?,"We believe in transparency and keeping our supporters informed. Each year, we publish an annual report detailing how donations were spent and the impact they achieved. Additionally, if you are sponsoring a child, you will receive a Child Progress Report from the local organization working directly with the child and their family, providing updates on their health, education, and overall well-being. Your sponsored child may also write to you ― and we hope you'll write back! These personal updates, along with our regular newsletter, will help you see how your contributions are making a tangible difference. If you have specific questions, our Support Team is always available to assist you."
How can I stay updated on the progress of the child I sponsor?,"You will receive regular updates on the child's progress, including an annual Child Progress Report detailing their health, education, and overall well-being. You may also receive personal letters or drawings from the child, depending on the local program's communication practices. These updates are designed to help you see the positive impact your sponsorship is making."
What tangible benefits do the recipients of your programs receive?,"The people we support gain access to essential resources such as healthcare, education, and safe living environments. For example, children can attend school instead of being forced into labor, families can access clean water and nutritious food, and communities can build safer and healthier futures. These tangible outcomes are a direct result of your generous donations and our collective efforts to create lasting change."
Can I send a gift to the children you support?,"Yes, you are welcome to send small and thoughtful gifts to the children we support. To ensure fairness and efficiency, we ask that your package weigh no more than 150g and fit into an A4 envelope with a thickness of no more than 5cm. For example, a deck of cards is a good reference for the maximum weight. Items such as writing and drawing tools, including pens, pencils, crayons, small notebooks, and erasers, are appropriate. Tokens of friendship, like photos, stickers, ribbons, and inexpensive bracelets, are also suitable, as are educational materials such as small puzzles, coloring books, or travel-sized board games. However, due to international guidelines, we cannot accept items like money, food, liquids, fragile objects, clothes, or battery-operated items. Gifts should be sent to the following address: Virtual Charity, 123 Hope Lane, London, WC1A 1AA, United Kingdom. Please include your sponsor number and the child's reference number to ensure accurate delivery. If the package exceeds the specified size or weight, we regret that we will not be able to forward it. Thank you for understanding, and we encourage you to keep your package light and meaningful."
Can I send monetary gifts for special occasions?,"Yes, monetary gifts are a wonderful way to celebrate birthdays, holidays, or significant achievements in a child's life. You can send a monetary gift through your online sponsorship account, include it with your sponsorship donations using the Sponsorship Reply form, or contact our Support Team at +44 20 1234 5678 for assistance. We recommend sending monetary gifts at least two months in advance to ensure they arrive on time for special occasions. The suggested amount ranges from $20 to $50, and the entirety of your gift will be delivered to the child and their family in local currency. To assist with delivery and processing, we kindly ask for an additional $3.50 handling fee. Once the gift has been delivered, our local staff will confirm its receipt and notify you of the amount received. Your support makes a meaningful difference, and we deeply appreciate your generosity."
What kind of children need support through the Sponsor a Child program?,"The children supported by the Sponsor a Child program come from diverse backgrounds and face challenges such as poverty, limited access to education, and inadequate healthcare. Many live in regions affected by social or economic instability, where basic resources are scarce. By sponsoring a child, you can help provide them with access to education, healthcare, and opportunities to build a brighter future."
What kind of children are part of the Sponsor a Child program?,"The children in the Sponsor a Child program come from various countries and face significant challenges such as poverty, limited access to education, and inadequate healthcare. Many of them live in communities with scarce resources and difficult living conditions. Each child in the program has unique strengths, interests, and aspirations, and your sponsorship can help provide them with opportunities for education, healthcare, and a brighter future."
What regions can I support children from?,"Our Sponsor a Child program connects you with children from diverse regions around the world. Currently, we have children registered from countries such as Kenya, the Philippines, and Bolivia. Each child comes from a unique background, and your support can make a meaningful difference in their lives. If you have a specific country in mind, feel free to ask, and we'll do our best to assist you."
What payment plans are available?,"We offer flexible payment plans to suit your preferences. You can choose a one-time donation, which allows you to make a single contribution to support our programs. Alternatively, you can opt for a monthly donation, providing ongoing support through recurring contributions that are automatically processed each month. Both options are available for general donations and the Sponsor a Child program, giving you the freedom to support in the way that works best for you."
What is the difference between a one-time donation and a monthly donation?,"A one-time donation allows you to make a single contribution to support our programs. On the other hand, a monthly donation provides continuous support, helping us plan long-term projects and make a lasting impact. Monthly donations are automatically processed every month and can be adjusted or canceled at any time."
What donation amounts can I choose from?,"You can choose to donate £20, £30, £40, or £50, either as a one-time contribution or a monthly donation. Every contribution, no matter the amount, helps make a meaningful difference in the lives of children and communities we support."
Is my credit card information stored on your website?,"Whether your credit card information is stored depends on the type of donation you choose. For one-time donations, your credit card information is not stored on our website. All payment details are securely processed through a trusted third-party payment gateway to ensure confidentiality and security. For monthly donations, your credit card information is securely stored by our trusted payment processor to enable automatic recurring contributions. However, we do not store your payment details on our website. The payment processor complies with the highest industry standards, including PCI DSS (Payment Card Industry Data Security Standard), to safeguard your information. If you have any concerns about payment security or wish to update or cancel your monthly donation, please feel free to contact our Support Team at donations@example.com."
Can I change the child I sponsor?,"Yes, if you wish to change the child you sponsor, you can do so through your personal account page. Alternatively, you can contact our Sponsor Team at donations@example.com for assistance. While we encourage long-term sponsorship to build a meaningful connection with the child, we understand that circumstances may change. Our team will guide you through the process and help you find another child to sponsor."
Can I stop my sponsorship at any time?,"Yes, you can stop your sponsorship at any time through your personal account page. If you prefer, you can also contact our Sponsor Team at donations@example.com for assistance. While we hope you'll continue your sponsorship to provide ongoing support, we understand that personal circumstances may change. Our team will ensure a smooth transition to minimize the impact on the child and their community."
Can I change the amount of my donation?,"Yes, you can change the amount of your donation at any time. This can be done conveniently through your personal account page. If you prefer, you can also contact our Sponsor Team at donations@example.com, and they will assist you with the process. Whether you're increasing or decreasing your donation, we greatly appreciate your continued support in helping us make a meaningful difference."
Can you explain the online donation process in detail?,"Donating online is simple and secure. If you are sponsoring a child, click the 'Sponsor [Child's name]' button on the child's profile page. This will take you to the payment page, where you can choose the type of donation (one-time or monthly) and select the amount (£20, £30, £40, or £50). Once you've made your selection, you'll be prompted to enter your payment details. Our secure payment gateway ensures that your information is protected throughout the process. After confirming your payment, you'll receive a confirmation email with the details of your donation. If you have any questions or need assistance, feel free to contact our Sponsor Team at donations@example.com."
How many children are part of The Virtual Charity?,"The Virtual Charity currently features 30 virtual child profiles. Due to the sensitive nature of personal information, these profiles were carefully crafted to ensure that no real personal data is used, while still maintaining realistic scenarios for research purposes. As part of our ongoing efforts to enhance the project, we are actively seeking permission from established charity organizations to incorporate authentic photos and related materials in compliance with ethical guidelines."
Do I have to pay any card processing fees?,"No, The Virtual Charity covers all credit/debit card processing fees. 100% of your specified donation amount will go towards our work, with 85% used for direct charitable activities and 15% for fundraising efforts."
